ID,id.nonzero,
0,6,2.985296965
1,8,29.82709122
2,20,269.0660095
3,25,10.36020279
4,40,7.212462425
5,52,2.279405355
6,60,4.040068626
7,71,23.45883369
8,77,2.094174862
9,95,16.43796158
10,107,1.329379559
11,109,98.0953064
12,111,406.5065918
13,131,411.1507263
14,141,17.45150185
15,150,6.817412376
16,155,48.21231079
17,159,1.777126908
18,167,18.26313972
19,170,5.247929573
20,184,12.152915
21,189,6.973926544
22,201,10.3190937
23,203,12.152915
